Br Silk Screen (kt file pin name) , Pt Pin, Pt Bank, Pt Net Name,Br Schematic Connector and Pin,Top or Bottom,,,,
A3, AB1,34,34_L7_N,A4,Bottom,,,,
A5, AA1,34,34_L7_P,A6,Bottom,,,,There should be a note on the Br schematic bottom side connectors saying:
A9, D16,16,16_L5_N,A10,Bottom,,,,The silk screen matches the pin numbers for the top side connectors.
A11, E16,16,16_L5_P,A12,Bottom,,,,So they are all off by one on the bottom side: 
A15, A19,16,16_L17_N,A16,Bottom,,,,Odd numbered pins have a silkscreen that is one less
A17, A18,16,16_L17_P,A18,Bottom,,,,Even numbered pins have a silkscreen that is one greater
A21, C20,16,16_L19_N,A22,Bottom,,,,
A23, D20,16,16_L19_P,A24,Bottom,,,,Or saying it the another way:
A27, B22,16,16_L20_N,A28,Bottom,,,,"The numbers on the bottom side silk screen are swapped relative to the connector pinout,"
A29, C22,16,16_L20_P,A30,Bottom,,,,"e.g. B4 is actually B3, B6 is actually B5 and vice-versa"
A33, B13,16,16_L8_N,A34,Bottom,,,,
A35, C13,16,16_L8_P,A36,Bottom,,,,
A39, C17,16,16_L12_MRCC_N,A40,Bottom,,,,"Warning, Bank B connector J7 has some very funky pin numbering weirdness on pins 33,34,35,36"
A41, D17,16,16_L12_MRCC_P,A42,Bottom,,,,
A45, C19,16,16_L13_MRCC_N,A46,Bottom,,,,
A47, C18,16,16_L13_MRCC_P,A48,Bottom,,,,
A51, F14,16,16_L1_N,A52,Bottom,,,,
A53, F13,16,16_L1_P,A54,Bottom,,,,Pinouts for Alchitry Br Breakout board
A57, E17,16,16_L2_N,A58,Bottom,,,,Mapping from: https://github.com/alchitry/Alchitry-Labs-V2/blob/master/src/main/kotlin/com/alchitry/labs2/hardware/pinout/PtV2BottomPin.kt
A59, F16,16,16_L2_P,A60,Bottom,,,,https://github.com/alchitry/Alchitry-Labs-V2/blob/master/src/main/kotlin/com/alchitry/labs2/hardware/pinout/PtV2TopPin.kt
A63, E18,16,16_L15_N,A64,Bottom,,,,
A65, F18,16,16_L15_P,A66,Bottom,,,,
A69, G22,16,16_L24_N,A70,Bottom,,,,
A71, G21,16,16_L24_P,A72,Bottom,,,,
A75, D15,16,16_L6_N,A76,Bottom,,,,
A77, D14,16,16_L6_P,A78,Bottom,,,,
A4, AA3,34,34_L9_N,A3,Bottom,,,,
A6, Y3,34,34_L9_P,A5,Bottom,,,,
A10, A16,16,16_L9_N,A9,Bottom,,,,
A12, A15,16,16_L9_P,A11,Bottom,,,,
A16, A21,16,16_L21_N,A15,Bottom,,,,
A18, B21,16,16_L21_P,A17,Bottom,,,,
A22, D21,16,16_L23_N,A21,Bottom,,,,
A24, E21,16,16_L23_P,A23,Bottom,,,,
A28, D22,16,16_L22_N,A27,Bottom,,,,
A30, E22,16,16_L22_P,A29,Bottom,,,,
A34, A14,16,16_L10_N,A33,Bottom,,,,
A36, A13,16,16_L10_P,A35,Bottom,,,,
A40, B18,16,16_L11_MRCC_N,A39,Bottom,,,,
A42, B17,16,16_L11_MRCC_P,A41,Bottom,,,,
A46, D19,16,16_L14_MRCC_N,A45,Bottom,,,,
A48, E19,16,16_L14_MRCC_P,A47,Bottom,,,,
A52, B16,16,16_L7_N,A51,Bottom,,,,
A54, B15,16,16_L7_P,A53,Bottom,,,,
A58, F20,16,16_L18_N,A57,Bottom,,,,
A60, F19,16,16_L18_P,A59,Bottom,,,,
A64, A20,16,16_L16_N,A63,Bottom,,,,
A66, B20,16,16_L16_P,A65,Bottom,,,,
A70, C15,16,16_L3_N,A69,Bottom,,,,
A72, C14,16,16_L3_P,A71,Bottom,,,,
A76, E14,16,16_L4_N,A75,Bottom,,,,
A78, E13,16,16_L4_P,A77,Bottom,,,,
B3, Y2,34,34_L4_N,B4,Bottom,,,,
B5, W2,34,34_L4_P,B6,Bottom,,,,
B9, Y7,34,34_L23_N,B10,Bottom,,,,
B11, Y8,34,34_L23_P,B12,Bottom,,,,
B15, AA6,34,34_L18_N,B16,Bottom,,,,
B17, Y6,34,34_L18_P,B18,Bottom,,,,
B21, AB2,34,34_L8_N,B22,Bottom,,,,
B23, AB3,34,34_L8_P,B24,Bottom,,,,
B27, T6,34,34_L17_N,B28,Bottom,,,,
B29, R6,34,34_L17_P,B30,Bottom,,,,
B34 (swapped in kt file), V8,34,34_L21_N,B33 (swapped on Pt sch),Bottom,,,,
B36 (swapped in kt file), V9,34,34_L21_P,B35 (swapped on Pt sch),Bottom,,,,
B39, W4,34,34_L12_MRCC_N,B40,Bottom,,,,
B41, V4,34,34_L12_MRCC_P,B42,Bottom,,,,
B45, T4,34,34_L13_MRCC_N,B46,Bottom,,,,
B47, R4,34,34_L13_MRCC_P,B48,Bottom,,,,
B51, E10,116,MGT_CLK0_N,B52,Bottom,,,,
B53, F10,116,MGT_CLK0_P,B54,Bottom,,,,
B57, C7,116,MGT_TX0_N,B58,Bottom,,,,
B59, D7,116,MGT_TX0_P,B60,Bottom,,,,
B63, A6,116,MGT_TX1_N,B64,Bottom,,,,
B65, B6,116,MGT_TX1_P,B66,Bottom,,,,
B69, C5,116,MGT_TX2_N,B70,Bottom,,,,
B71, D5,116,MGT_TX2_P,B72,Bottom,,,,
B75, A4,116,MGT_TX3_N,B76,Bottom,,,,
B77, B4,116,MGT_TX3_P,B78,Bottom,,,,
B4, AB6,34,34_L20_N,B3,Bottom,,,,
B6, AB7,34,34_L20_P,B5,Bottom,,,,
B10, AB8,34,34_L22_N,B9,Bottom,,,,
B12, AA8,34,34_L22_P,B11,Bottom,,,,
B16, AB5,34,34_L10_N,B15,Bottom,,,,
B18, AA5,34,34_L10_P,B17,Bottom,,,,
B22, Y9,34,34_L24_N,B21,Bottom,,,,
B24, W9,34,34_L24_P,B23,Bottom,,,,
B28, W7,34,34_L19_N,B27,Bottom,,,,
B30, V7,34,34_L19_P,B29,Bottom,,,,
B33 (swapped in kt file), V5,34,34_L16_N,B34 (swapped on Pt sch),Bottom,,,,
B35 (swapped in kt file), U6,34,34_L16_P,B36 (swapped on Pt sch),Bottom,,,,
B40, AA4,34,34_L11_MRCC_N,B39,Bottom,,,,
B42, Y4,34,34_L11_MRCC_P,B41,Bottom,,,,
B46, U5,34,34_L14_MRCC_N,B45,Bottom,,,,
B48, T5,34,34_L14_MRCC_P,B47,Bottom,,,,
B52, E6,116,MGT_CLK1_N,B51,Bottom,,,,
B54, F6,116,MGT_CLK1_P,B53,Bottom,,,,
B58, C11,116,MGT_RX0_N,B57,Bottom,,,,
B60, D11,116,MGT_RX0_P,B59,Bottom,,,,
B64, A10,116,MGT_RX1_N,B63,Bottom,,,,
B66, B10,116,MGT_RX1_P,B65,Bottom,,,,
B70, C9,116,MGT_RX2_N,B69,Bottom,,,,
B72, D9,116,MGT_RX2_P,B71,Bottom,,,,
B76, A8,116,MGT_RX3_N,B75,Bottom,,,,
B78, B8,116,MGT_RX3_P,B77,Bottom,,,,
C29 (L0), U1,34,34_L1_N,C30,Bottom,,,,
C31 (L1), T1,34,34_L1_P,C32,Bottom,,,,
C33 (L2), R2,34,34_L3_N,C34,Bottom,,,,
C35 (L3), R3,34,34_L3_P,C36,Bottom,,,,
C30 (L4), W5,34,34_L15_N,C29,Bottom,,,,
C32 (L5), W6,34,34_L15_P,C31,Bottom,,,,
C34 (L6), V3,34,34_L6_N,C33,Bottom,,,,
C36 (L7), U3,34,34_L6_P,C35,Bottom,,,,
A3, AB22,14,14_L10_N,A3,Top,,,,
A5, AB21,14,14_L10_P,A5,Top,,,,
A9, E3,35,35_L6_N,A9,Top,,,,
A11, F3,35,35_L6_P,A11,Top,,,,
A15, M2,35,35_L16_N,A15,Top,,,,
A17, M3,35,35_L16_P,A17,Top,,,,
A21, J6,35,35_L17_N,A21,Top,,,,
A23, K6,35,35_L17_P,A23,Top,,,,
A27, M5,35,35_L23_N,A27,Top,,,,
A29, M6,35,35_L23_P,A29,Top,,,,
A33, P4,35,35_L21_N,A33,Top,,,,
A35, P5,35,35_L21_P,A35,Top,,,,
A39, G4,35,35_L12_MRCC_N,A39,Top,,,,
A41, H4,35,35_L12_MRCC_P,A41,Top,,,,
A45, J4,35,35_L13_MRCC_N,A45,Top,,,,
A47, K4,35,35_L13_MRCC_P,A47,Top,,,,
A51, P1,35,35_L20_N,A51,Top,,,,
A53, R1,35,35_L20_P,A53,Top,,,,
A57, B2,35,35_L2_AD12_N,A57,Top,,,,
A59, C2,35,35_L2_AD12_P,A59,Top,,,,
A63, F1,35,35_L5_AD13_N,A63,Top,,,,
A65, G1,35,35_L5_AD13_P,A65,Top,,,,
A69, H5,35,35_L10_AD15_N,A69,Top,,,,
A71, J5,35,35_L10_AD15_P,A71,Top,,,,
A75, J1,35,35_L7_AD6_N,A75,Top,,,,
A77, K1,35,35_L7_AD6_P,A77,Top,,,,
A4, AB18,14,14_L17_N,A4,Top,,,,
A6, AA18,14,14_L17_P,A6,Top,,,,
A10, N2,35,35_L22_N,A10,Top,,,,
A12, P2,35,35_L22_P,A12,Top,,,,
A16, L1,35,35_L15_N,A16,Top,,,,
A18, M1,35,35_L15_P,A18,Top,,,,
A22, D2,35,35_L4_N,A22,Top,,,,
A24, E2,35,35_L4_P,A24,Top,,,,
A28, L4,35,35_L18_N,A28,Top,,,,
A30, L5,35,35_L18_P,A30,Top,,,,
A34, N5,35,35_L24_N,A34,Top,,,,
A36, P6,35,35_L24_P,A36,Top,,,,
A40, G3,35,35_L11_SRCC_N,A40,Top,,,,
A42, H3,35,35_L11_SRCC_P,A42,Top,,,,
A46, K3,35,35_L14_SRCC_N,A46,Top,,,,
A48, L3,35,35_L14_SRCC_P,A48,Top,,,,
A52, N3,35,35_L19_N,A52,Top,,,,
A54, N4,35,35_L19_P,A54,Top,,,,
A58, A1,35,35_L1_AD4_N,A58,Top,,,,
A60, B1,35,35_L1_AD4_P,A60,Top,,,,
A64, D1,35,35_L3_AD5_N,A64,Top,,,,
A66, E1,35,35_L3_AD5_P,A66,Top,,,,
A70, G2,35,35_L8_AD14_N,A70,Top,,,,
A72, H2,35,35_L8_AD14_P,A72,Top,,,,
A76, J2,35,35_L9_AD7_N,A76,Top,,,,
A78, K2,35,35_L9_AD7_P,A78,Top,,,,
B3, R14,14,14_L19_N,B3,Top,,,,
B5, P14,14,14_L19_P,B5,Top,,,,
B9, R17,14,14_L24_N,B9,Top,,,,
B11, P16,14,14_L24_P,B11,Top,,,,
B15, W17,14,14_L16_N,B15,Top,,,,
B17, V17,14,14_L16_P,B17,Top,,,,
B21, AB20,14,14_L15_N,B21,Top,,,,
B23, AA19,14,14_L15_P,B23,Top,,,,
B27, Y19,14,14_L13_MRCC_N,B27,Top,,,,
B29, Y18,14,14_L13_MRCC_P,B29,Top,,,,
B33, AB10,13,13_L8_N,B33,Top,,,,
B35, AA9,13,13_L8_P,B35,Top,,,,
B39, W12,13,13_L12_MRCC_N,B39,Top,,,,
B41, W11,13,13_L12_MRCC_P,B41,Top,,,,
B45, V14,13,13_L13_MRCC_N,B45,Top,,,,
B47, V13,13,13_L13_MRCC_P,B47,Top,,,,
B51, W10,13,13_L10_N,B51,Top,,,,
B53, V10,13,13_L10_P,B53,Top,,,,
B57, AB12,13,13_L7_N,B57,Top,,,,
B59, AB11,13,13_L7_P,B59,Top,,,,
B63, AA11,13,13_L9_N,B63,Top,,,,
B65, AA10,13,13_L9_P,B65,Top,,,,
B69, AB13,13,13_L3_N,B69,Top,,,,
B71, AA13,13,13_L3_P,B71,Top,,,,
B75, AA14,13,13_L5_N,B75,Top,,,,
B77, Y13,13,13_L5_P,B77,Top,,,,
B4, R16,14,14_L22_N,B4,Top,,,,
B6, P15,14,14_L22_P,B6,Top,,,,
B10, P17,14,14_L21_N,B10,Top,,,,
B12, N17,14,14_L21_P,B12,Top,,,,
B16, T18,14,14_L20_N,B16,Top,,,,
B18, R18,14,14_L20_P,B18,Top,,,,
B22, V19,14,14_L14_SRCC_N,B22,Top,,,,
B24, V18,14,14_L14_SRCC_P,B24,Top,,,,
B28, V20,14,14_L11_SRCC_N,B28,Top,,,,
B30, U20,14,14_L11_SRCC_P,B30,Top,,,,
B34, AB15,13,13_L4_N,B34,Top,,,,
B36, AA15,13,13_L4_P,B36,Top,,,,
B40, Y12,13,13_L11_SRCC_N,B40,Top,,,,
B42, Y11,13,13_L11_SRCC_P,B42,Top,,,,
B46, V15,13,13_L14_SRCC_N,B46,Top,,,,
B48, U15,13,13_L14_SRCC_P,B48,Top,,,,
B52, AB17,13,13_L2_N,B52,Top,,,,
B54, AB16,13,13_L2_P,B54,Top,,,,
B58, AA16,13,13_L1_N,B58,Top,,,,
B60, Y16,13,13_L1_P,B60,Top,,,,
B64, T15,13,13_L15_N,B64,Top,,,,
B66, T14,13,13_L15_P,B66,Top,,,,
B70, Y14,13,13_L6_N,B70,Top,,,,
B72, W14,13,13_L6_P,B72,Top,,,,
B76, W16,13,13_L16_N,B76,Top,,,,
B78, W15,13,13_L16_P,B78,Top,,,,
C29, U18,14,14_L18_N,C29,Top,,,,
C31, U17,14,14_L18_P,C31,Top,,,,
C33, V2,34,34_L2_N,C33,Top,,,,
C35, U2,34,34_L2_P,C35,Top,,,,
C30, Y1,34,34_L5_N,C30,Top,,,,
C32, W1,34,34_L5_P,C32,Top,,,,
C34, N14,14,14_L23_N,C34,Top,,,,
C36, N13,14,14_L23_P,C36,Top,,,,
